Day,Weather,Sales
1,Cloudy,856
2,Sunny,895
3,Sunny,956
4,Sunny,939
5,Cloudy,886
6,Cloudy,1318
7,Sunny,926
8,Cloudy,877
9,Cloudy,881
10,Cloudy,892
11,Cloudy,937
12,Cloudy,825
13,Cloudy,907
14,Cloudy,855
15,Sunny,920
16,Cloudy,882
17,Cloudy,819
18,Cloudy,961
19,Cloudy,854
20,Cloudy,841
21,Cloudy,828
22,Cloudy,892
23,Cloudy,877
24,Cloudy,839
25,Cloudy,903
26,Cloudy,785
27,Cloudy,839
28,Sunny,910
29,Cloudy,862
30,Cloudy,898
31,Cloudy,871
32,Cloudy,942
33,Sunny,878
34,Cloudy,1361
35,Cloudy,860
36,Cloudy,886
37,Cloudy,883
38,Cloudy,913
39,Cloudy,882
40,Sunny,886
41,Sunny,959
42,Cloudy,919
43,Cloudy,895
44,Cloudy,899
45,Sunny,951
46,Cloudy,933
47,Cloudy,856
48,Sunny,1001
49,Cloudy,894
50,Cloudy,879
51,Sunny,940
52,Sunny,890
53,Cloudy,922
54,Cloudy,889
55,Cloudy,878
56,Sunny,907
57,Cloudy,868
58,Cloudy,930
59,Cloudy,874
60,Sunny,993
61,Cloudy,873
62,Cloudy,1381
63,Cloudy,898
64,Cloudy,932
65,Cloudy,979
66,Sunny,951
67,Cloudy,922
68,Cloudy,925
69,Sunny,954
70,Sunny,964
71,Sunny,968
72,Cloudy,911
73,Cloudy,951
74,Cloudy,974
75,Sunny,918
76,Cloudy,960
77,Sunny,992
78,Cloudy,929
79,Cloudy,915
80,Sunny,987
81,Cloudy,887
82,Cloudy,900
83,Sunny,999
84,Cloudy,925
85,Cloudy,904
86,Cloudy,923
87,Cloudy,945
88,Sunny,944
89,Sunny,942
90,Cloudy,924
91,Sunny,983
92,Cloudy,858
93,Sunny,903
94,Sunny,944
95,Sunny,953
96,Sunny,960
97,Cloudy,885
98,Sunny,951
99,Sunny,958
100,Sunny,1002
101,Cloudy,899
102,Sunny,1022
103,Cloudy,903
104,Cloudy,910
105,Sunny,976
106,Cloudy,894
107,Sunny,951
108,Sunny,972
109,Cloudy,941
110,Cloudy,887
111,Cloudy,933
112,Cloudy,912
113,Cloudy,862
114,Sunny,991
115,Cloudy,924
116,Sunny,966
117,Cloudy,907
118,Cloudy,945
119,Sunny,909
120,Sunny,955
121,Sunny,968
122,Sunny,981
123,Sunny,991
124,Sunny,953
125,Cloudy,1435
126,Cloudy,937
127,Cloudy,940
128,Cloudy,942
129,Cloudy,942
130,Sunny,995
131,Cloudy,911
132,Sunny,973
133,Cloudy,938
134,Sunny,1001
135,Cloudy,913
136,Cloudy,930
137,Sunny,1007
138,Sunny,974
139,Cloudy,907
140,Cloudy,902
141,Sunny,947
142,Cloudy,899
143,Cloudy,938
144,Sunny,997
145,Cloudy,923
146,Sunny,1008
147,Sunny,937
148,Sunny,983
149,Cloudy,924
150,Sunny,988
151,Sunny,1004
152,Sunny,937
153,Sunny,1381
154,Sunny,963
155,Cloudy,934
156,Cloudy,898
157,Cloudy,936
158,Sunny,1025
159,Sunny,960
160,Sunny,980
161,Sunny,977
162,Cloudy,953
163,Sunny,963
164,Sunny,951
165,Sunny,1026
166,Sunny,993
167,Sunny,1014
168,Cloudy,1008
169,Sunny,1000
170,Sunny,936
171,Cloudy,921
172,Sunny,1052
173,Sunny,927
174,Cloudy,942
175,Sunny,1004
176,Sunny,1017
177,Sunny,1028
178,Sunny,995
179,Sunny,1048
180,Sunny,977
181,Sunny,1002
182,Sunny,987
183,Sunny,1005
184,Sunny,983
185,Sunny,959
186,Sunny,1023
187,Sunny,975
188,Cloudy,1320
189,Sunny,975
190,Sunny,986
191,Cloudy,932
192,Sunny,966
193,Sunny,1002
194,Sunny,933
195,Cloudy,955
196,Sunny,931
197,Sunny,951
198,Sunny,944
199,Sunny,957
200,Sunny,1002
201,Sunny,922
202,Sunny,964
203,Sunny,954
204,Cloudy,916
205,Sunny,932
206,Sunny,1023
207,Sunny,982
208,Sunny,943
209,Cloudy,888
210,Cloudy,893
211,Sunny,931
212,Sunny,986
213,Sunny,919
214,Sunny,894
215,Sunny,911
216,Sunny,912
217,Sunny,936
218,Sunny,859
219,Sunny,921
220,Sunny,877
221,Sunny,935
222,Sunny,818
223,Sunny,843
224,Sunny,931
225,Sunny,923
226,Sunny,893
227,Sunny,869
228,Sunny,906
229,Sunny,863
230,Sunny,930
231,Sunny,905
232,Cloudy,880
233,Sunny,880
234,Sunny,905
235,Sunny,899
236,Sunny,840
237,Sunny,885
238,Sunny,892
239,Sunny,858
240,Cloudy,828
241,Sunny,870
242,Sunny,962
243,Sunny,873
244,Sunny,1408
245,Cloudy,917
246,Sunny,961
247,Cloudy,945
248,Sunny,1002
249,Cloudy,939
250,Cloudy,933
251,Sunny,986
252,Cloudy,919
253,Sunny,984
254,Cloudy,874
255,Cloudy,918
256,Cloudy,969
257,Cloudy,909
258,Sunny,991
259,Sunny,1006
260,Sunny,1005
261,Sunny,995
262,Sunny,970
263,Sunny,1006
264,Sunny,977
265,Sunny,948
266,Sunny,1019
267,Sunny,1030
268,Sunny,1019
269,Cloudy,933
270,Sunny,978
271,Cloudy,898
272,Cloudy,949
273,Cloudy,917
274,Sunny,983
275,Sunny,990
276,Sunny,1009
277,Cloudy,929
278,Cloudy,922
279,Cloudy,1358
280,Cloudy,920
281,Sunny,900
282,Sunny,946
283,Sunny,990
284,Cloudy,993
285,Cloudy,911
286,Cloudy,908
287,Cloudy,940
288,Sunny,985
289,Sunny,999
290,Cloudy,888
291,Cloudy,961
292,Sunny,884
293,Sunny,958
294,Cloudy,918
295,Cloudy,906
296,Cloudy,947
297,Cloudy,1003
298,Cloudy,950
299,Sunny,995
300,Sunny,922
301,Cloudy,943
302,Cloudy,922
303,Sunny,955
304,Sunny,967
305,Sunny,1063
306,Cloudy,924
307,Cloudy,1377
308,Sunny,990
309,Sunny,965
310,Sunny,968
311,Cloudy,901
312,Sunny,1051
313,Cloudy,927
314,Cloudy,936
315,Sunny,977
316,Cloudy,935
317,Cloudy,917
318,Sunny,965
319,Cloudy,973
320,Sunny,934
321,Cloudy,915
322,Sunny,995
323,Cloudy,913
324,Cloudy,913
325,Cloudy,955
326,Sunny,959
327,Sunny,1002
328,Cloudy,913
329,Cloudy,989
330,Cloudy,939
331,Cloudy,937
332,Cloudy,911
333,Sunny,1031
334,Cloudy,909
335,Sunny,987
336,Sunny,1011
337,Cloudy,965
338,Cloudy,966
339,Cloudy,987
340,Sunny,1076
341,Cloudy,921
342,Cloudy,920
343,Sunny,988
344,Sunny,984
345,Sunny,1023
346,Cloudy,953
347,Sunny,1049
348,Cloudy,944
349,Sunny,998
350,Sunny,1024
351,Cloudy,993
352,Sunny,950
353,Sunny,1008
354,Cloudy,1000
355,Cloudy,1012
356,Cloudy,980
357,Cloudy,945
358,Sunny,994
359,Cloudy,951
360,Sunny,1004
361,Sunny,1064
362,Cloudy,920
363,Cloudy,1020
364,Sunny,1012
365,Sunny,994
